id,name,text,env,page,target,expected,status,note
1,waitUntilPageloadIsCompleted,Wait until the current page is loaded completely,web page,/steps/navigation,Visit /steps/navigation?slow=3000 then wait,"Heading ""Navigation page loaded"" visible after ~3 s",implemented,
2,restApi,REST_API: #{method} - #{title},app server,/steps/api,REST_API GET {api}/records?ns=<ns>&kind=demo,200 JSON array,implemented,Needs the playground backend
5,storeElementTextInVariable,Store the text of #{label} in a variable name #{test-data},web page,/steps/variables,"Store text of ""Invoice total"" in invoiceTotal","Value ""$1,234.50""",implemented,
11,storeCurrentURL,Store URL of the current page in a variable #{test-data},web page,/steps/navigation,Store URL in variable currentUrl,Variable ends with /steps/navigation/,implemented,
12,switchToWindowByTitle,Switch to the window titled #{test-data},web page,/steps/windows,"Open popup, switch to window titled ""Child window""","Child heading ""Child window"" visible",implemented,
13,clear,Clear the value displayed in the #{label} field,web page,/steps/input,"Clear the value displayed in ""Prefilled name""","Input value empty; state.prefilled=""""",implemented,
14,clear,Clear the text displayed in the #{label} field,web page,/steps/input,"Clear the text displayed in ""Prefilled notes"" (textarea)",Textarea empty,implemented,
22,rightClick,Right click on the element #{label},web page,/steps/click,"Right click on ""Right-click target""","Custom context menu opens; state.lastAction=""contextmenu""",implemented,
23,mouseOver,Mouseover on #{label},web page,/steps/click,"Mouseover on ""Hover to reveal""","Tooltip ""Revealed by hover"" appears; state.hovered=true",implemented,
25,storeValue,Store value displayed in #{label} in a variable #{test-data},web page,/steps/variables,"Store value displayed in ""Reference code"" in refCode","Value ""REF-42-ALPHA""",implemented,
26,click,Click on #{label},web page,/steps/click,"Click on ""Primary action""","state.clicks.primary=1, toast ""Primary clicked""",implemented,
27,doubleClick,Double click on #{label},web page,/steps/click,"Double click on ""Double-click target""","state.lastAction=""dblclick""; single clicks do not count",implemented,
30,check,Check the checkbox #{label},web page,/steps/select,"Check the checkbox ""Accept terms""",state.terms=true,implemented,
33,verifyCurrentURL,Verify that the URL of current page is #{test-data},web page,/steps/navigation,Verify URL is <base>/steps/navigation/,Exact URL match (trailing slash included),implemented,static hosting adds a trailing slash
34,clickAndSwitchtoNewWindow,Click on #{element} to open in a new window and switch to the new window,web page,/steps/windows,"Click ""Open child window"" and switch",In child: state.opened=true,implemented,
35,pressEnter,Press Enter/Return Key,web page,/steps/input,"Type in ""Search box"" then Press Enter",state.searchSubmitted=<query>,implemented,
42,newTab,Open a new tab,web page,/steps/windows,Open a new tab,A blank tab opens,implemented,
54,pressEscape,Press Esc Key,web page,/steps/input,"Open ""Open modal"", Press Esc","Modal closes; state.lastKey=""Escape""",implemented,
55,pressShiftdelete,Press Shift+Delete Keys,web page,/steps/input,"Focus ""Key log"" then Press Shift+Delete","state.lastKey=""Shift+Delete""",implemented,
66,verifyAttributeContains,Verify that the #{label} contains value #{test-data} for #{attribute},web page,/steps/verify,"Verify ""Profile link"" contains ""/profile"" for href",Passes,implemented,
67,storeAllCookies,Store all cookies in variable #{test-data},browser feature,/steps/storage,Store all cookies in variable,"Includes ""<ns>_session=abc123""",implemented,
68,storeCookieNamed,Store cookie named #{test-data} in variable @{attribute},browser feature,/steps/storage,"Store cookie named ""<ns>_session""","Value ""abc123""",implemented,
70,enter,Enter #{test-data} in the #{label} field,web page,/steps/input,"Enter ""Ada Lovelace"" in ""Full name""","state.fullName=""Ada Lovelace""",implemented,
101,verifyClickable,Verify that the #{element} button is clickable,web page,/steps/click,"Verify ""Primary action"" button is clickable","Passes; ""Disabled action"" fails the same check",implemented,
103,verifyAlertAbsent,Verify that the Alert is not present,web page,/steps/alerts,Verify alert is not present,Passes before clicking any button,implemented,
105,verifyTextContains,Verify that the #{label} text contains #{test-data},web page,/steps/verify,"Verify ""Status message"" text contains ""saved""","Text ""All changes saved at 10:00""",implemented,
110,verifyAlertMessage,Verify that an Alert with notification #{test-data} is displayed,web page,/steps/alerts,"Click ""Show alert"", verify alert ""Profile saved""",Passes,implemented,
114,verifyValueNotEmpty,Verify that the #{label} has non-empty value,web page,/steps/verify,"Verify ""Order number"" has non-empty value","Readonly input value ""ORD-1001""",implemented,
115,waitUntilAllImagesAreLoaded,Wait until all images are loaded in the current page,web page,/steps/waits,Wait until all images are loaded,6 images (one delayed 3 s) all complete; state imagesLoaded=6,implemented,
116,think,Wait for #{test-data} seconds,web page,/steps/waits,Wait for 3 seconds,Elapsed clock shows >= 3 s,implemented,
123,waitUntilPageTitleIs,Wait until the current page title changes to #{test-data},web page,/steps/navigation,"Click ""Change title in 2s"", wait for title ""Title changed""","document.title becomes ""Title changed"" after 2 s",implemented,
127,storeTitle,Store the title of current page in a variable #{test-data},web page,/steps/navigation,Store title in variable pageTitle,"Value ""Navigation | Test Playground""",implemented,
130,storeText,Store text from #{label} in a variable #{test-data},web page,/steps/variables,"Store text from ""Invoice total"" in invoiceTotal","Value ""$1,234.50""",implemented,
131,waitUntilCurrentURLContains,Wait until the current page has url containing #{test-data},web page,/steps/navigation,"Click ""Go to step two in 2s"", wait for url containing step=2",URL gets ?step=2 after 2 s,implemented,
132,verifyValue,Verify that the #{label} inputbox has value #{test-data},web page,/steps/verify,"Verify ""Order number"" inputbox has value ""ORD-1001""",Passes,implemented,
138,verifyText,Verify that the #{label} displays text #{test-data},web page,/steps/verify,"Verify ""Greeting"" displays text ""Hello, tester""",Passes,implemented,
141,deleteCookie,Delete cookie with name #{test-data},browser feature,/steps/storage,"Delete cookie ""<ns>_session"", click ""Re-read""",state.cookie=null,implemented,
143,deleteAllCookies,Delete all cookies from the current session,browser feature,/steps/storage,"Delete all cookies, click ""Re-read""",state.cookies={},implemented,
145,closeCurrentWindow,Close the current window,web page,/steps/windows,"In child, close current window","Back on parent; parent shows ""Child closed""",implemented,
147,acceptAlert,Click OK button in the alert,web page,/steps/alerts,"Click ""Show confirm"", click OK",state.confirm=true,implemented,
148,dismissAlert,Click on Cancel button in the alert,web page,/steps/alerts,"Click ""Show confirm"", click Cancel",state.confirm=false,implemented,
154,clickIfPresent,Click on #{label} if Present,web page,/steps/click,"Click on ""Maybe banner close"" if present",Banner present only with ?banner=1; step passes either way,implemented,
156,verifyTitleContains,Verify that the current page title contains #{test-data},web page,/steps/navigation,"Verify title contains ""Navigation""",Passes,implemented,
158,updateParameterWithElementAttribute,Update parameter #{test-data} with value of @{attribute} attribute from the element #{label},web page,/steps/variables,"Update parameter with data-sku attribute of ""Product card""","Value ""SKU-778""",implemented,
161,pressTab,Press Tab Key,web page,/steps/input,"Focus ""Full name"", Press Tab","Focus moves to ""Email""; state.focused=""email""",implemented,
163,waitUntilCurrentURLIs,Wait until the current page URL changes to #{test-data},web page,/steps/navigation,"Click ""Go to step two in 2s"", wait for exact URL",URL changes to …/steps/navigation/?step=2,implemented,
168,verifyTextAbsent,Verify that the current page does not displays text #{test-data},web page,/steps/verify,"Verify page does not display ""Fatal error""",Passes (the text is only inside a hidden template),implemented,
170,deleteLocalStorage,Delete all local storage cookies from the current session,browser feature,/steps/storage,"Delete local storage, click ""Re-read""",state.local=null,implemented,
172,activeWindow,Close all windows except the current window,web page,/steps/windows,"Open 3 children, close all except current",Only parent remains,implemented,
179,verifyTextNotEmpty,Verify that element #{label} has non-empty text,web page,/steps/verify,"Verify ""Greeting"" has non-empty text","Passes; ""Empty box"" fails",implemented,
184,verifyElementVisible,Verify that the #{label} is present (available/displayed/etc.),web page,/steps/verify,"Verify ""Status message"" is present",Passes,implemented,
185,waitUntilElementIsTestData,Wait until the #{label} is (visible/selected/enabled/clickable/etc.),web page,/steps/waits,"Wait until ""Late button"" is visible / enabled","Visible after 2 s, enabled after 4 s",implemented,
186,scroll,Scroll (up to/down to) the element #{label} into view,web page,/steps/scroll,"Scroll to ""Target 50"" into view","state.visibleTarget=""Target 50""",implemented,
190,verifyElementEnabledWhile,While element #{label} is enabled,web page,/steps/loops,"While ""Load more"" is enabled: click it",Stops after 5 clicks; state.loaded=25,implemented,
191,verifyElementVisibleWhile,While element #{label} is visible on the page,web page,/steps/loops,"While ""Next page"" is visible: click it",Stops on page 4 (button removed),implemented,
192,BrowserBackButtons,Click on the Back button in the browser,web page,/steps/navigation,"Click ""Push history entry"", then browser Back","state.historyIndex goes 1 -> 0 and heading shows ""Entry 0""",implemented,
320,verifyTitle,Verify that the current page title is #{test-data},web page,/steps/navigation,"Verify title is ""Navigation | Test Playground""",Passes,implemented,
348,waitUntilTextIsDisplayed,Wait until the text #{label} is present on the current page,web page,/steps/waits,"Wait until text ""Results ready"" is present",Appears after renderDelay (default 2500 ms),implemented,
372,navigateTo,Visit #{test-data},web page,/steps/navigation,Visit <base>/steps/navigation/,"Page loads with heading ""Navigation""",implemented,
410,verifyAlertPresent,Verify that the current page displays an Alert,web page,/steps/alerts,"Click ""Show alert in 1s"", verify alert present",Passes,implemented,
417,selectMultipleOptionByValue,Select multiple options by value #{test-data} in the list #{label},web page,/steps/select,"Select multiple by value ""red,blue"" in ""Colours""","state.colours=[""red"",""blue""]",implemented,
425,navigateToUrl,Navigate to #{test-data},web page,/steps/navigation,Navigate to <base>/steps/navigation/,"Page loads with heading ""Navigation""",implemented,
430,selectOptionByValue,Select option by value #{test-data} in the list #{label},web page,/steps/select,"Select by value ""de"" in ""Country""","state.country=""de""",implemented,
432,selectOptionByVisibleText,Select option by text #{test-data} in the list #{label},web page,/steps/select,"Select by text ""Germany"" in ""Country""","state.country=""de""",implemented,
433,selectOptionByIndex,Select option by index #{test-data} in the list #{label},web page,/steps/select,"Select by index 3 in ""Country""","state.country = 4th option (index 3) ""fr""",implemented,Index 0 is the placeholder
434,selectOptionContainsVisibleText,Select option by text containing #{test-data} in the list #{element},web page,/steps/select,"Select by text containing ""King"" in ""Country""","state.country=""uk"" (""United Kingdom"")",implemented,
437,selectMultipleOptionByVisibleText,Select multiple options by text #{test-data} in the list #{label},web page,/steps/select,"Select multiple by text ""Red,Green"" in ""Colours""","state.colours=[""red"",""green""]",implemented,
438,selectMultipleOptionByIndex,Select multiple options by index #{test-data} in the list #{label},web page,/steps/select,"Select multiple by index ""0,2"" in ""Colours""","state.colours=[""red"",""blue""]",implemented,
439,selectButtonGroupIndex,Select element by index #{test-data} in the button group #{label},web page,/steps/select,"Select index 2 in button group ""Plan""","state.plan=""Enterprise""",implemented,
440,selectButtonGroup,Select element by text containing #{test-data} in the button group #{label},web page,/steps/select,"Select text containing ""Pro"" in button group ""Plan""","state.plan=""Professional""",implemented,
441,selectRadioButtonGroup,Select element by text #{test-data} in the button group #{label},web page,/steps/select,"Select text ""Starter"" in button group ""Plan""","state.plan=""Starter""",implemented,
442,selectRadioButtonGroup,Select element by label #{test-data} in the button group #{label},web page,/steps/select,"Select label ""Monthly"" in radio group ""Billing""","state.billing=""monthly""",implemented,
450,unCheck,Uncheck the checkbox #{label},web page,/steps/select,"Uncheck ""Subscribe to newsletter"" (checked by default)",state.newsletter=false,implemented,
451,checkRadio,Check the radio button #{label},web page,/steps/select,"Check radio ""Express shipping""","state.shipping=""express""",implemented,
452,custom_step_code,Custom step: #{description},web page,/steps/variables,Custom step: read window.testPlayground.version,"Returns ""1.0.0"" (exposed on window)",implemented,
455,fullPageScreenShotWithURL,Take full page screenshot with URL,web page,/steps/navigation,Take full page screenshot,"Screenshot includes the footer marker ""End of navigation page""",implemented,
456,pressKey,Press #{test-data} Key,web page,/steps/input,"Focus ""Key log"", Press ArrowDown Key","state.lastKey=""ArrowDown""",implemented,
464,verifyLinkOpensNewWindow,Verify that the link #{element} opens in a new window or tab,web page,/steps/windows,"Verify link ""Open docs in new tab"" opens a new tab",target=_blank link to /steps/windows/child/,implemented,
465,verifyClassName,Verify that the #{label} has class name #{test-data},web page,/steps/verify,"Verify ""Status badge"" has class ""badge--success""",Passes,implemented,
467,verifyTextPresent,Verify that the current page displays text #{test-data},web page,/steps/verify,"Verify page displays text ""Verification playground""",Passes,implemented,
469,emtyElement,Element #{label} is empty,web page,/steps/verify,"Element ""Empty box"" is empty",Passes,implemented,
477,verifyCSSValue,Verify that the #{label} displays #{test-data} for css property name @{attribute},web page,/steps/verify,"Verify ""Status badge"" displays ""rgb(21, 128, 61)"" for color",Passes,implemented,
478,verifyAttribute,Verify that the #{label} has value #{test-data} for #{attribute},web page,/steps/verify,"Verify ""Status badge"" has value ""success"" for data-status",Passes,implemented,
487,storeTagName,Store tag name of #{label} in a variable #{test-data},web page,/steps/variables,"Store tag name of ""Invoice total""","Value ""strong""",implemented,
491,switchToFrameUsingName,Switch to the frame named #{test-data},web page,/steps/frames,"Switch to frame named ""frame-a"", click ""Insert""",Parent state.inserted=true,implemented,
495,verifyTitleEquals,Verify that the current page title equals to #{test-data},web page,/steps/navigation,"Verify title equals ""Navigation | Test Playground""",Passes,implemented,
499,updateParameterWithElementText,Update parameter #{test-data} with text from the element #{label},web page,/steps/variables,"Update parameter with text of ""Customer name""","Value ""Grace Hopper""",implemented,
518,selectOptionContainsValue,Select option by value containing #{test-data} in the list #{label},web page,/steps/select,"Select by value containing ""us-"" in ""Region""","state.region=""us-east-1""",implemented,
519,verifyOptionIsNotPresentInDropdown,Verify that the option #{test-data} is not present in dropdown #{label},web page,/steps/select,"Verify option ""Mars"" not present in ""Country""",Passes,implemented,
523,scroll_bottom,Scroll to bottom,web page,/steps/scroll,Scroll to bottom,"""Bottom marker"" in viewport; state.atBottom=true",implemented,
529,verifyValueEmpty,Verify that the #{label} has an empty value,web page,/steps/verify,"Verify ""Coupon code"" has empty value",Passes,implemented,
532,authentication,Authentication with: #{username} and #{password},app server,/steps/auth,Authentication with tester / playground on {api}/basic,"Page text ""Authenticated as tester""",implemented,Needs the playground backend
535,waitUntilNetworkidle,Wait until the current page network idle,web page,/steps/waits,"Click ""Start background requests"", wait for network idle",5 staggered requests finish; state requestsDone=5,implemented,
537,setPageLoadStateDomContentloaded,Set your web page load state as a domcontent loaded,web page,/steps/navigation,Set load state DOMContentLoaded then visit page,Next navigation resolves at DOMContentLoaded (late image still loading),implemented,
538,setPageLoadStateNetworkidle,Set your web page load state as a network idle,web page,/steps/navigation,Set load state network idle then visit page,Next navigation waits for the 2 s late request,implemented,
539,socialLogin,Login social account,external account,/steps/auth,Login social account,Not provided by the playground,unsupported,Needs a real social-login account
540,uploadExtension,Upload the extension,browser feature,/steps/extension,Upload the extension (fixtures/extension/test-extension.zip),"Banner ""Test extension active"" on every page",implemented,
541,switchTab,Switch into #{test-data}th tab,web page,/steps/windows,"Open 2 tabs, switch into 2nd tab","Tab with heading ""Child window""",implemented,
542,downloadExtension,Download the extension from URL #{extension_url},browser feature,/steps/extension,Download extension from <base>/fixtures/extension/test-extension.zip,Same banner,implemented,
543,socialLogin2FA,Login social account and verification code from an authenticator app,external account,/steps/auth,Login social account + Authenticator,Not provided by the playground,unsupported,Needs a real social-login account
544,clickToOpenPopupPage,Click #{label} lcoator to open link in popup,web page,/steps/windows,"Click ""Open popup"" to open link in popup","Popup page ""Popup content"" shown",implemented,
545,verifyElementIsVisibleOrNotNull,Verify that the #{label} is visible or not null.,web page,/steps/verify,"Verify ""Greeting"" is visible or not null",Passes,implemented,
546,getOTPFromPhoneNumber,Get OTP from the phone number,tool integration,/steps/auth,Get OTP from the phone number,Page shows SMS-style code (mock),blocked,Needs a real SMS sender; mock only
547,uploadFileFromURL,Upload the file at #{element} from URL #{file_url} with name #{file_name},web page,/steps/upload,"Upload <base>/fixtures/sample.csv to ""#file-plain""","state.files.plain={name,size,sha256}",implemented,
548,verifyElementIsNotVisible,Verify that the #{label} is not present/displayed.,web page,/steps/verify,"Verify ""Hidden notice"" is not displayed",Passes (display:none),implemented,
549,verifyElementIsDisable,Verify that the #{label} is disabled or not clickable.,web page,/steps/verify,"Verify ""Disabled submit"" is disabled",Passes,implemented,
550,extractValueByRegExFromEmail,Extract the value from the #{email_address} email using the regular expression #{regular_expression},tool integration,/steps/auth,Extract value from <email> email using regex \d{6},The 6-digit code,implemented,Real only when the server has an email key; mock inbox otherwise
551,createRandomEmail,Create email and store into the #{variable_name} variable name,tool integration,/steps/auth,"Create email and store in variable, use on ""Email OTP"" form",Form accepts the address,implemented,Real only when the server has an email key
552,textElementBaseOnPosition,Click on the #{target_label} located to the #{position} the #{source_label},web page,/steps/click,"Click on ""Edit"" located to the right of ""Row B""","state.edited=""Row B"" (three identical Edit buttons)",implemented,
553,verifyElementNotVisibleWhile,While element #{label} is not visible on the page,web page,/steps/loops,"While ""All done"" is not visible: click ""Process one""","After 3 clicks ""All done"" shows",implemented,
554,verifyTextVisibleWhile,While text #{label} is visible on the page,web page,/steps/loops,"While text ""Pending"" is visible: click ""Approve next""",4 pending items approved,implemented,
556,scrollGesture,Scroll using gesture on #{label},web page,/steps/scroll,"Scroll using gesture on ""Swipe list""",state.swipeScrolled=true,implemented,Gesture step is mobile-oriented
559,dragAndDrop,Drag from #{source_label} to #{target_label},web page,/steps/drag,"Drag from ""Card T-3"" to ""Done column""","state.board.Done[0]=""T-3""; success without state change = fail",implemented,
560,note,Note: #{test-data},web page,/steps/variables,Note: any text,No page effect; appears in the run report,implemented,
561,verifyEqualsValues,Verify the #{source_value} equals to #{target_value},web page,/steps/variables,"Paste stored refCode into ""Echo field"", verify equals","state.echo equals ""REF-42-ALPHA""",implemented,
562,upload_session,Upload Session,browser feature,/steps/storage,"Click ""Sign in (sets session)"", then Upload Session",Session uploaded,implemented,Pair with 563
563,restore_session,Restore Session,browser feature,/steps/storage,"New run: Restore Session, visit page",Page reports which of cookie/local/session survived,implemented,Probe result decides the camera flow
564,waitUntilTextIsDisplayedIF,Check the text #{label} is present on the current page,web page,/steps/loops,"IF text ""Promo available"" present -> click ""Claim promo""",Promo present only with ?promo=1; state.claimed,implemented,
565,waitUntilDomContentLoaded,Wait until the current page domcontent loaded,web page,/steps/navigation,Wait until DOMContentLoaded,Passes before the delayed image finishes,implemented,
566,storeInputText,Store value from #{label} inputbox in a variable #{test-data},web page,/steps/variables,"Store value from ""Reference code"" inputbox","Value ""REF-42-ALPHA""",implemented,
567,generateUniqueString,Generate a #{string_length} character string and store it in the #{variable_name} variable,web page,/steps/variables,"Generate 8-char string, enter into ""Unique name""",state.uniqueName length 8,implemented,
568,ai_text_actions,AI Agent #{ai_task},web page,/steps/ai,"AI Agent: add 2 ""Blue mug"" to the cart and check out","state.order={item:""Blue mug"",qty:2}",implemented,
569,verifyTextBoxValueNotEqualsWhile,While inputbox #{label} doesn't contain #{test-data} value,web page,/steps/loops,"While ""Counter"" inputbox does not contain 5: click ""+1""",Counter reaches 5,implemented,
570,verifyTextBoxValueEqualsWhile,While inputbox #{label} does contain #{test-data} value,web page,/steps/loops,"While ""Mode"" inputbox contains ""draft"": click ""Advance""","Mode becomes ""published"" after 2 clicks",implemented,
572,fill,Fill #{test-data} in the #{label} field,web page,/steps/input,"Fill ""ada@example.com"" in ""Email""","state.email=""ada@example.com"" (fill replaces existing text)",implemented,
573,ai_ask,AI Ask: #{query},web page,/steps/ai,AI Ask: what is the delivery date shown?,"Answer ""15 December 2026""",implemented,
574,verifyEqualsRuntime,Verify that the #{source_value} equals #{target_value},web page,/steps/variables,"Verify stored invoiceTotal equals ""$1,234.50""",Passes,implemented,
575,arrayPush,Add #{test-data} value into the #{source_array} array,web page,/steps/variables,"Push ""apple"",""pear"" into array, enter joined into ""Echo field""","state.echo=""apple,pear""",implemented,
576,generate_heatmap,Generate heatmap,web page,/steps/ai,Generate heatmap,Heatmap over a page with known hot spots,implemented,
577,verifyValueNotEqual,Verify that the #{label} inputbox has not value #{test-data},web page,/steps/verify,"Verify ""Order number"" inputbox has not value ""ORD-9999""",Passes,implemented,
580,downloadByClick,Download file by click on #{label},web page,/steps/download,"Download file by click on ""Download CSV""","File orders.csv, 11 lines (header + 10)",implemented,
581,ai_document_ask,AI Document Ask: #{description},web page,/steps/download,AI Document Ask: how many rows in invoice.pdf?,"Answer: 5 line items, total $510.50",implemented,
582,verifyElementDisabledWhile,While element #{label} is disabled,web page,/steps/loops,"While ""Locked action"" is disabled: click ""Unlock step""",Enabled after 3 unlocks,implemented,
583,ai_verify,AI Verification: #{query},web page,/steps/ai,AI Verification: the order status is Shipped and the badge is green,True,implemented,
584,scroll_one_bottom,Scroll one screen bottom,web page,/steps/scroll,Scroll one screen bottom,scrollY grows by one viewport height,implemented,
585,scroll_one_up,Scroll one screen up,web page,/steps/scroll,Scroll one screen up,scrollY shrinks by one viewport height,implemented,
586,ai_verify_if,AI Verification: #{description},web page,/steps/loops,"AI Verification (IF): ""Is the result count zero?""","Count header ""Venues (0)"" with ?empty=1, else ""Venues (7)""",implemented,"Header deliberately stays ""Venues (7)"" with ?staleHeader=1"
587,extract_sessionstorage_key,Gets the session storage value for key #{key} and saves it to #{storeVariableName},browser feature,/steps/storage,"Get session storage key ""<ns>_step""","Value ""3""",implemented,
588,extract_localstorage_key,Gets the local storage value for key #{key} and saves it to #{storeVariableName},browser feature,/steps/storage,"Get local storage key ""<ns>_token""","Value ""tok-123""",implemented,
589,clickAndVerify,Click on #{label} and verify that the #{verificationlabel} is visible within #{MaxWaitTIme} seconds.,web page,/steps/click,"Click on ""Show panel in 2s"" and verify ""Delayed panel"" visible within 5 s",Passes; with 1 s max wait it fails,implemented,
590,verifyElementIsenable,Verify that the #{label} is enabled or clickable.,web page,/steps/verify,"Verify ""Enabled submit"" is enabled",Passes,implemented,
591,BrowserForwardButtons,Click on the Forward button in the browser,web page,/steps/navigation,"Push history entry, Back, then Forward","Heading returns to ""Entry 1""",implemented,
592,BrowserRefreshButtons,Click on the Refresh button in the browser,web page,/steps/navigation,"Increment ""Reload counter"", click Refresh",state.reloads increments (kept in sessionStorage),implemented,
593,scrollatelement,Scroll #{label} at the #{verificationlabel} at the screen.,web page,/steps/scroll,"Scroll ""Target 30"" at the top/center of the screen",Target 30 aligned as requested,implemented,
594,ai_verify_if,AI Verification: #{description},web page,/steps/loops,AI Verification (IF) variant,Same as 586,implemented,
595,extract_api_value,Gets the value of api #{name} and saves it to #{storeVariableName},app server,/steps/api,"Gets the value of api ""getRecords"" -> firstId",First record id,implemented,Needs the playground backend
596,clickcopy,Click on #{label} and store copied value on #{variable},web page,/steps/click,"Click on ""Copy invite code"" and store copied value","Clipboard and variable = ""INV-7Q2K-2026""",implemented,Needs clipboard permission in the runner
597,wait_untill_enabled,Wait untill #{label} element is enabled,web page,/steps/waits,"Wait until ""Late button"" is enabled",Enabled after 4 s,implemented,
598,M2FA,Login enterprise account and verification code from an authenticator app,external account,/steps/auth,Login enterprise account + Authenticator,Not provided by the playground,unsupported,Needs a real enterprise account
634,M2FA2,Login enterprise account,external account,/steps/auth,Login enterprise account,Not provided by the playground,unsupported,Needs a real enterprise account
637,addCookie,Add cookies,browser feature,/steps/storage,"Add cookies, click ""Re-read""",Added cookie appears in state.cookies,implemented,
638,set_camerapath,Set camerafile and restore session,browser feature,/steps/camera,"Set camerafile (front.y4m) and restore session, capture","state.detected=""FRONT"" (green frame); with back file ""BACK"" (blue)",implemented,Camera + restore are tested separately from upload
641,databaseverification,Database Verification,tool integration,/steps/api,Database Verification: SELECT name FROM public.customers WHERE id=1,"""Ada Lovelace""",blocked,Needs a database connection from the test tool to the playground Postgres (read-only role)
642,scrollHorizontally,scroll horizontally,web page,/steps/scroll,"Scroll horizontally in ""Wide timeline""","""Column 40"" becomes visible; state.scrollLeft>0",implemented,
644,generateDocument,Generate Document,web page,/steps/download,Generate Document,Platform feature; page offers a form whose data a generated document can use,implemented,
648,TOTP,Get TOTP from #{issuer},tool integration,/steps/auth,"Get TOTP from issuer ""Test Playground"" (secret shown on page)",Code accepted; state.totpOk=true,implemented,Configure the published secret in the test tool
669,storevariable,Store #{value} in env/global variable #{name},web page,/steps/variables,Store refCode into env/global variable,Reusable in a later test case,implemented,
671,solveCaptchaByType,Solve the #{captchatype} captcha on the page,tool integration,/steps/auth,Solve the checkbox captcha,Mock captcha ticks; state.captcha=true,implemented,Mock captcha only
672,uploadFileAndVerifyToast,Upload the file at #{element} from URL #{file_url} with name #{file_name} and verify that the toaster #{verificationlabel} is visible within #{MaxWaitTIme} seconds.,web page,/steps/upload,"Upload to ""#file-toast"" and verify toast ""Upload complete"" within 5 s","Toast shows ~1 s after upload, for 3 s",implemented,
673,pressKeyOnElement,Press the #{test-data} key #{repeat} time(s) in the #{label} field,web page,/steps/input,"Press ArrowUp 3 times in ""Quantity""",Quantity 1 -> 4,implemented,
674,clearChipField,Clear all selected values (chips/tags) from the #{label} field,web page,/steps/input,"Clear all chips from ""Tags""",state.tags=[],implemented,
675,pressBackspaceOnElement,Press Backspace #{repeat} time(s) in the #{label} field,web page,/steps/input,"Press Backspace 4 times in ""Code""","""ABCDEFGH"" -> ""ABCD""",implemented,
